address1,address2,applcbedt,applcendt,areano,buldmgtno1,buldmgtno2,buldnm,buldprpos,divgroundfloorcnt,divundgrndfloorcnt,elevatorno,elvtrasignno,elvtrdivnm,elvtrformnm,elvtrkindnm,elvtrmgtno1,elvtrmgtno2,elvtrmodel,elvtrresmptde,elvtrstts,frstinstallationde,inspctinstt,installationde,installationplace,lastinspctde,lastinspctkind,lastresultnm,liveload,manufacturername,manufacturertelno,mnfcturcpnycd,mntcpnycd,mntcpnynm,mntcpnytelno,partcpntnm,partcpnttelno,ratedspeed,shuttlefloorcnt,sigungucd,standardkey,zipcd1,zipcd2
,,,,,,,,,,,,,,,,,,,,,,,,,,,,,,,,,,,,,,,,,,
서울특별시 은평구 연서로 117,(구산동),2014-10-25,2015-10-24,01,122,281,예일여자고등학교,교육연구시설-기타,6,0,1902164,1,소형화물용엘리베이터,권상식-VVVF,화물용(DW),122,3743,확인불가,--,휴지,1999-05-27,한국승강기안전관리원 서울북부지원,2011-10-25,예일여고,2014-11-18,정기,합격,500 Kg,(주)한솔기전,02--445-8773,920040036,920040036,(주)한솔기전,02--445-8773,이길환,02-380-0***,.25 m/min,5,122,99,034,12
서울특별시 은평구 연서로 209,(갈현동),2018-11-30,2020-11-29,01,122,210,보성빌딩,판매시설-기타,7,2,0083810,4,엘리베이터,유압식-교류,자동차용,122,427,확인불가,--,운행중,1997-06-20,한국승강기안전공단 서울서부지사,1997-06-20,1-4,2018-12-11,정기,조건부합격,2000 Kg,롯데알미늄(주)_폐업,02--3270-0596,919920044,920090037,성우승강기(주),02--508-1616,김한중,010-3935-9***,.33 m/min,2,122,20,033,33
서울특별시 은평구 불광천길 502-1,(응암동),2019-01-31,2020-01-30,01,122,993,예청아파트 B동,공동주택-분양,7,0,0080421,1,엘리베이터,권상식-VVVF,승객용,122,1050,확인불가,--,운행중,2002-12-09,한국승강기안전공단 서울서부지사,2002-12-09,B동-1,2019-04-04,정기,조건후합격,550 Kg,대우로얄엘리베이터,032--566-4552,920020064,919930214,(주)뉴텍엘리베이터,02--2606-2462,박권희,010-4287-3***,1 m/min,7,122,8,034,55
서울특별시 은평구 불광로13가길 7-3,(불광동),2019-03-17,2020-03-16,01,122,712,은혜스카이빌,공동주택-분양,11,1,0004990,1,엘리베이터,권상식-VVVF,장애인용,122,1417,GR1,--,운행중,2004-03-17,한국승강기안전공단 서울서부지사,2004-03-17,1-1,2019-03-19,정기,조건부합격,1000 Kg,오티스엘리베이터(유)창원공장,055--289-8235,919990124,919920075,오티스엘리베이터(유)서울,02--2007-5800,관리소장,010-5226-8***,1 m/min,12,122,5,033,54
서울특별시 은평구 갈현로11길 46,(구산동),2019-07-09,2020-07-08,01,122,670,경남아너스빌아파트,공동주택-분양,15,0,0050450,4,엘리베이터,권상식-VVVF,장애인용,122,1434,STVF-2,--,운행중,2004-07-09,한국승강기안전공단 서울서부지사,2004-07-09,102-2,2019-08-02,정기,조건부합격,900 Kg,현대엘리베이터(주),02--3670-0791,919920035,919930409,현대엘리베이터(주)서울사무소,02--3670-0987,승강기담당자,02-352-2***,1.5 m/min,15,122,10,034,28
서울특별시 은평구 녹번로 29-5,(녹번동),2019-02-22,2020-02-21,01,122,392,초우레디안아파트,공동주택-분양,7,0,0080660,1,엘리베이터,권상식-VVVF,승객용,122,890,확인불가,--,운행중,2002-01-23,한국승강기안전공단 서울서부지사,2002-01-23,1-1,2019-04-01,정기,조건부합격,600 Kg,동양엘리베이터(주),02--2675-6187,919930169,920010047,(주)동명엘리베이터,031--413-2880,문점순,02-358-7***,1 m/min,7,122,8,033,80
서울특별시 은평구 서오릉로21길 20,(구산동),2019-01-17,2020-01-16,01,122,115,동익파크1차아파트,공동주택-분양,10,0,0080895,5,엘리베이터,권상식-VVVF,승객용,122,155,GM1,--,운행중,1991-09-01,한국승강기안전공단 서울서부지사,2013-01-23,1-5,2019-03-21,정기,조건후합격,550 Kg,오티스엘리베이터(유)서울,02--2007-5800,919920075,919920075,오티스엘리베이터(유)서울,02--2007-5800,관리소장,(02)385-5***,1 m/min,10,122,13,034,25
서울특별시 은평구 불광로 40-9,(불광동),2019-02-27,2021-02-26,01,122,1706,갤럭시타운,공동주택-분양,1,3,0051591,2,엘리베이터,유압식-교류,자동차용,122,4031,확인불가,--,운행중,2013-02-27,한국승강기안전공단 서울서부지사,2013-02-27,1-2,2019-02-19,정기,조건부합격,3000 Kg,(주)롯데기공,716--0010,919940542,919971170,(주)유원이엠티,02--2635-9220,관리소장(고권식),010-2602-2***,.33 m/min,4,122,3,033,68
서울특별시 은평구 통일로82가길 2,(불광동),2019-10-10,2020-10-09,01,122,447,삼흥아파트,공동주택-분양,6,1,0069940,1,엘리베이터,권상식-VVVF,승객용,122,988,확인불가,--,운행중,2002-09-18,한국승강기안전공단 서울서부지사,2002-09-18,1-1,2019-10-23,정기,조건부합격,750 Kg,한진엘리베이터(주),032--342-7781,919930250,920100020,(주)디에이케이엘리베이터,02--2638-0485,황영숙,02-355-3***,1 m/min,6,122,8,033,44
서울특별시 은평구 통일로 710,(불광동),2019-04-19,2020-04-18,01,122,1004,정승기정형외과,의료시설-기타,4,1,0040073,1,엘리베이터,권상식-VVVF,승객용,122,1937,SSVF5,--,운행중,2007-04-19,한국승강기안전공단 서울서부지사,2007-04-19,1-1,2019-04-24,정기,조건부합격,550 Kg,현대엘리베이터(주),02--3670-0791,919920035,919930409,현대엘리베이터(주)서울사무소,02--3670-0987,승강기 담당자,(02)358-2***,1 m/min,4,122,3,033,68
서울특별시 은평구 통일로 590,(녹번동),2019-10-30,2020-10-29,01,122,48,녹번대림아파트,공동주택-분양,19,2,0084186,6,엘리베이터,권상식-VVVF,승객용,122,234,WBLX1,--,운행중,1993-06-01,한국승강기안전공단 서울서부지사,2018-10-30,2-2,2019-10-29,정기,합격,750 Kg,현대엘리베이터(주),02--3670-0791,919920035,920070053,현대엘리베이터(주)서울,157-7-0603,관리소장,02-387-7***,1.5 m/min,19,122,13,033,74
서울특별시 은평구 통일로 842,(불광동),2019-04-18,2020-04-17,01,122,222,범서기업(주)범서쇼핑,판매시설-백화점,5,1,0070592,1,엘리베이터,권상식-VVVF,전망용,122,419,GM1,--,운행중,1997-10-01,한국승강기안전공단 서울서부지사,2013-04-18,1-1,2019-05-07,정기,합격,1000 Kg,오티스엘리베이터(유)서울,02--2007-5800,919920075,919920075,오티스엘리베이터(유)서울,02--2007-5800,승강기 담당(이길우),02-385-0***,1 m/min,5,122,3,033,50
서울특별시 은평구 진관4로 48-51,(진관동),2019-04-09,2020-04-08,01,122,1142,은평뉴타운상림마을(14단지),공동주택-분양,8,2,0039652,12,엘리베이터,권상식-VVVF,장애인용,122,2259,STVF-5,--,운행중,2008-01-15,한국승강기안전공단 서울서부지사,2008-01-15,738-2,2019-06-07,정기,조건후합격,1000 Kg,현대엘리베이터(주),02--3670-0791,919920035,919930409,현대엘리베이터(주)서울사무소,02--3670-0987,관리소장,(02)355-6***,1 m/min,11,122,10,033,03
서울특별시 은평구 통일로 849,(갈현동),2019-10-02,2020-10-01,01,122,333,서울교통공사3호선연신내역,운수시설-지하철역사,1,2,0102345,7,엘리베이터,권상식-VVVF,장애인용,122,1307,MRL45,--,운행중,2003-12-08,한국승강기안전공단 서울서부지사,2003-12-08,내부-1,2019-10-24,정밀,조건부합격,1000 Kg,한림엘리베이터(주),02--323-6431~3,919930248,919930351,(주)금강테크엘리베이터,02--834-5020,곽도윤,02-6110-4***,.75 m/min,2,122,8,033,30
서울특별시 은평구 서오릉로 168,(갈현동),2018-12-20,2019-12-19,01,122,105,두원빌딩,제2종근린생활시설-기타,5,1,0084803,1,엘리베이터,권상식-VVVF,승객용,122,1816,Di1,--,운행중,1993-11-20,한국승강기안전공단 서울서부지사,2005-12-06,1-1,2018-12-06,정기,조건부합격,550 Kg,오티스엘리베이터(유)창원공장,055--289-8235,919990124,919920075,오티스엘리베이터(유)서울,02--2007-5800,승강기담당자,02-357-2***,1 m/min,6,122,1,033,36
서울특별시 은평구 연서로 213,(갈현동),2019-04-28,2020-04-27,01,122,120,성보빌딩,제1종근린생활시설-기타,6,0,0006845,1,엘리베이터,권상식-VVVF,승객용,122,3577,GR1,--,운행중,2011-04-28,한국승강기안전공단 서울서부지사,2011-04-28,1-1,2019-05-08,정기,조건부합격,750 Kg,오티스엘리베이터(유)창원공장,055--289-8235,919990124,919920075,오티스엘리베이터(유)서울,02--2007-5800,승강기담당,010-5390 -5***,1 m/min,6,122,3,033,31
서울특별시 은평구 증산로 285,(증산동，증산중앙하이츠아파트),2019-04-10,2020-04-09,01,122,356,증산동중앙하이츠아파트,공동주택-분양,18,1,0002550,4,엘리베이터,권상식-VVVF,소방구조/장애인용,122,795,DY20B,--,운행중,2001-04-20,한국승강기안전공단 서울서부지사,2001-04-20,1-4,2019-04-17,정기,조건부합격,1000 Kg,티센크루프엘리베이터코리아(주),02--2610-7777,919920034,919950932,티센크루프엘리베이터코리아(주),02--2610-7777,승강기담당자,(02)372-8***,1.5 m/min,19,122,12,034,99
서울특별시 은평구 은평로 182-8,(응암동),2019-08-12,2020-08-11,01,122,1175,명남 더블레스,공동주택-분양,14,1,0050082,2,엘리베이터,권상식-VVVF,소방구조/장애인용,122,2735,SM1,--,운행중,2009-06-17,한국승강기안전공단 서울서부지사,2009-06-17,B동-1,2019-08-28,정기,합격,900 Kg,오티스엘리베이터(유)서울,02--2007-5800,919920075,919920075,오티스엘리베이터(유)서울,02--2007-5800,관리소장,010-6819-2***,1.5 m/min,15,122,3,034,71
서울특별시 은평구 서오릉로 140,(대조동),2019-08-30,2020-08-29,01,122,1083,선진물산,제2종근린생활시설-기타,3,1,0050756,1,엘리베이터,권상식-VVVF,승객용,122,2386,GR1,--,운행중,2008-07-10,한국승강기안전공단 서울서부지사,2008-07-10,1-1,2019-09-11,정기,조건부합격,550 Kg,오티스엘리베이터(유)창원공장,055--289-8235,919990124,919920075,오티스엘리베이터(유)서울,02--2007-5800,관리소장,010-3115-2***,1 m/min,3,122,3,033,94
서울특별시 은평구 통일로 지하723-1,(대조동),2019-01-02,2020-01-01,01,122,332,서울교통공사3호선불광역,운수시설-지하철역사,1,4,0002833,3,엘리베이터,권상식-VVVF,장애인용,122,1630,MODULAR,--,운행중,2003-12-16,한국승강기안전공단 서울서부지사,2005-02-25,내부-2,2018-12-18,정밀,조건부합격,750 Kg,(주)태성에스컬레이터,02--582-9060,919920078,919930351,(주)금강테크엘리베이터,02--834-5020,곽도윤,02-6110-4***,.75 m/min,2,122,13,033,97
서울특별시 은평구 불광천길 502,(응암동),20191120,20191219,01,122,476,예청아파트 A동,공동주택-분양,7,0,0003638,1,엘리베이터,권상식-VVVF,승객용,122,1049,확인불가,--,운행중,2002-12-09,한국승강기안전공단 서울서부지사,2002-12-09,A-1,2019-11-20,정기,조건부합격,550 Kg,대우로얄엘리베이터,032--566-4552,920020064,919900011,(주)보광엔지니어링,031--384-0010,입주자대표,010-3170-5***,1 m/min,7,122,8,034,55
서울특별시 은평구 갈현로27길 14,(갈현동),2019-04-04,2020-04-03,01,122,134,풍성한알곡교회,종교시설-종교시설,4,0,0005767,1,엘리베이터,권상식-VVVF,승객용,122,361,확인불가,--,운행중,1997-02-21,한국승강기안전공단 서울서부지사,1997-02-21,1-1,2019-05-23,정기,조건후합격,550 Kg,월드이피에스(주),031--471-1110,919930215,920070007,(주)동방엘리베이터,031--413-5120,승강기담당(오세훈),02-352-4***,.75 m/min,4,122,8,033,22
서울특별시 은평구 진흥로 103,(역촌동),2019-03-28,2020-03-27,01,122,148,기린빌딩,제2종근린생활시설-기타,1,1,0005797,2,엘리베이터,유압식-교류,자동차용,122,94,확인불가,--,운행중,1991-09-19,한국승강기안전공단 서울서부지사,1991-09-19,1-2,2019-04-11,정기,조건후합격,2000 Kg,신일엘리베이터,02--271-3283,919930400,920110039,(주)유원한솔엘리베이터,02--980-3668,승강기담당자(관리소장),02)389-5***,.33 m/min,2,122,99,034,04
서울특별시 은평구 증산로15길 35-10,"(신사동, 미성아파트)",2019-07-06,2020-07-05,01,122,177,신사미성아파트,공동주택-분양,15,1,0038582,2,엘리베이터,권상식-VVVF,승객용,122,811,Di1,--,운행중,1987-05-15,한국승강기안전공단 서울서부지사,2001-07-07,1-2,2019-09-05,정기,조건후합격,550 Kg,오티스엘리베이터(유)창원공장,055--289-8235,919990124,920040051,(주)쉰들러엘리베이터 서울,02--3470-2509,승강기담당자,02-306-7***,1 m/min,15,122,1,034,47
서울특별시 은평구 통일로 780,(불광동),2019-03-05,2020-03-04,01,122,90,불광미성아파트,공동주택-분양,15,0,0081571,1,엘리베이터,권상식-교류,승객용,122,103,AC-E4LP,--,운행중,1988-04-30,한국승강기안전공단 서울서부지사,1988-04-30,1-1,2019-06-28,정기,조건후합격,550 Kg,엘지산전(주) 주안공장,032--870-5200,919920033,919920075,오티스엘리베이터(유)서울,02--2007-5800,관리소장,(02)383-8***,1 m/min,15,122,13,033,56
서울특별시 은평구 갈현로1길 36,(신사동),2019-01-13,2020-01-12,01,122,950,신사두산위브아파트,공동주택-분양,12,2,0080769,6,엘리베이터,권상식-VVVF,장애인용,122,1865,Si1,--,운행중,2006-07-10,한국승강기안전공단 서울서부지사,2006-07-10,104-1,2019-01-09,정기,조건부합격,1000 Kg,오티스엘리베이터(유)창원공장,055--289-8235,919990124,919920075,오티스엘리베이터(유)서울,02--2007-5800,최국명,02-353-8***,1 m/min,13,122,5,034,34
서울특별시 은평구 은평로 160,(응암동),2019-05-03,2020-05-02,01,122,738,경향렉스빌아파트,공동주택-분양,25,4,0039988,2,엘리베이터,권상식-VVVF,소방구조/장애인용,122,1459,STVF-2,--,운행중,2004-05-03,한국승강기안전공단 서울서부지사,2004-05-03,1-2,2019-06-21,정기,조건후합격,1000 Kg,현대엘리베이터(주),02--3670-0791,919920035,919930409,현대엘리베이터(주)서울사무소,02--3670-0987,승강기담당자 (조장훈),(02)358-2***,1.75 m/min,28,122,10,034,62
서울특별시 은평구 진관2로 60, (진관동),2019-09-19,2020-09-18,01,122,1145,은평뉴타운마고정2단지아파트,공동주택-분양,15,1,0041501,1,엘리베이터,권상식-VVVF,장애인용,122,2657,LXVF1,--,운행중,2009-05-14,한국승강기안전공단 서울서부지사,2009-05-14,323-1,2019-10-28,정기,조건부합격,1000 Kg,현대엘리베이터(주),02--3670-0791,919920035,919930409,현대엘리베이터(주)서울사무소,02--3670-0987,관리소장,(02)353-1***,1.5 m/min,7,122,3,033,10
서울특별시 은평구 응암로 302-1,(응암동),2019-03-02,2020-03-01,01,122,997,퍼스트지력학원,교육연구시설-기타,5,0,0004468,1,엘리베이터,권상식-VVVF,장애인용,122,1926,GR1,--,운행중,2007-03-02,한국승강기안전공단 서울서부지사,2007-03-02,1-1,2019-03-29,정기,조건부합격,1000 Kg,오티스엘리베이터(유)서울,02--2007-5800,919920075,919990047,(주)제일승강기,031--908-8681,신경희,"02-383-3110,3***",1.5 m/min,5,122,3,034,64
서울특별시 은평구 서오릉로4길 7-8,(녹번동),2019-04-12,2020-04-11,01,122,316,녹번2차현대아파트,공동주택-분양,17,2,0000043,3,엘리베이터,권상식-VVVF,소방구조/장애인용,122,578,STVF,--,운행중,2000-11-17,한국승강기안전공단 서울서부지사,2000-11-17,201-3,2019-04-18,정기,조건부합격,1000 Kg,현대엘리베이터(주),02--3670-0791,919920035,920030089,신성엘리베이터(주)본사,02--335-0897,관리소장,(02)354-2***,1.5 m/min,19,122,10,033,79
서울특별시 은평구 통일로82길 6,(불광동),2019-11-02,2020-11-01,01,122,474,쉴모텔,숙박시설-숙박시설,4,0,0069635,1,엘리베이터,권상식-VVVF,승객용,122,1043,확인불가,--,운행중,2002-11-04,한국승강기안전공단 서울서부지사,2002-11-04,1-1,2019-11-08,정기,조건부합격,450 Kg,(주)진양엘리베이터,031--298-7611~2,919940814,920090045,(주)광원엘리베이터,02--835-2514,이병하,(02)388-0***,1 m/min,4,122,8,033,44
서울특별시 은평구 진관1로 77-8,(진관동),2019-04-24,2020-04-23,01,122,1164,은평뉴타운폭포동(1관리소),공동주택-분양,18,2,0040238,8,엘리베이터,권상식-VVVF,소방구조/장애인용,122,2810,SSVF5,--,운행중,2009-09-25,한국승강기안전공단 서울서부지사,2009-09-25,407-1,2019-08-22,정기,조건후합격,1000 Kg,현대엘리베이터(주),02--3670-0791,919920035,919930409,현대엘리베이터(주)서울사무소,02--3670-0987,관리소장,02-358-6***,1.75 m/min,20,122,3,033,10
서울특별시 은평구 응암로25길 12-7,(응암동),2019-04-25,2020-04-24,01,122,2456,대림에코빌,공동주택-분양,6,0,0089131,1,엘리베이터,권상식-VVVF,승객용,122,5036,TK-50CS,--,운행중,2016-04-25,한국승강기안전공단 서울서부지사,2016-04-25,1-1,2019-05-03,정기,합격,550 Kg,티센크루프엘리베이터코리아(주),02--2610-7777,919920034,919950932,티센크루프엘리베이터코리아(주),02--2610-7777,승강기담당,010-7723-9***,1 m/min,6,122,3,034,55
서울특별시 은평구 서오릉로4길 10,(녹번동),2019-03-15,2020-03-14,01,122,1102,성암교회,종교시설-종교시설,4,1,0129015,2,엘리베이터,권상식-VVVF,승객용,122,5988,SK-HLMRL,--,운행중,2018-03-15,한국승강기안전공단 서울서부지사,2018-03-15,1-2,2019-04-17,정기,조건후합격,900 Kg,신광엘리베이터(주),02--409-6134-5,919951036,919990009,(주)한신승강기,031--917-3260,승강기담당자(조대화),010-4181-5***,1 m/min,5,122,3,033,80
서울특별시 은평구 은평로 111,(응암동),2019-08-17,2020-08-16,01,122,369,이마트은평점,판매시설-기타,10,8,1806126,36,무빙워크,팔레트식-,무빙워크,122,2863,FS883 5EK,--,운행중,2009-10-16,한국승강기안전공단 서울서부지사,2009-10-16,MW-26,2019-09-22,정기,조건부합격,,티센크루프엘리베이터코리아(주),02--2610-7777,919920034,919950932,티센크루프엘리베이터코리아(주),02--2610-7777,하덕호,(02)380-1***,.5 m/min,4.6,122,99,034,61
서울특별시 은평구 가좌로9길 7-1,(응암동),2019-06-18,2020-06-17,01,122,1271,이안쉐르빌,제2종근린생활시설-기타,7,0,0041798,1,엘리베이터,권상식-VVVF,승객용,122,3250,STVF-7,--,운행중,2010-06-18,한국승강기안전공단 서울서부지사,2010-06-18,1-1,2019-07-11,정기,합격,550 Kg,현대엘리베이터(주),02--3670-0791,919920035,919930409,현대엘리베이터(주)서울사무소,02--3670-0987,승강기 담당자,010-3395-9***,1 m/min,7,122,3,034,84
서울특별시 은평구 연서로 137,(구산동),2019-11-18,2020-11-17,01,122,116,영진빌딩,제2종근린생활시설-기타,5,1,0074076,1,엘리베이터,권상식-VVVF,승객용,122,161,GM1,--,운행중,1992-09-01,한국승강기안전공단 서울서부지사,2014-11-18,1-1,2019-11-20,정기,조건부합격,750 Kg,오티스엘리베이터(유)서울,02--2007-5800,919920075,920170052,보성엘리베이터(주),031--451-6464,관리소장 (박수용),010-3727-9***,1 m/min,6,122,3,034,12
서울특별시 은평구 통일로65길 24,(대조동),2018-12-09,2019-12-08,01,122,317,티파니모텔,숙박시설-숙박시설,5,0,0102688,1,엘리베이터,권상식-VVVF,승객용,122,581,확인불가,--,운행중,2000-11-21,한국승강기안전공단 서울서부지사,2000-11-21,1-1,2018-12-31,정기,조건부합격,450 Kg,(주)미성엘리베이터,02--866-6678,919930134,920010047,(주)동명엘리베이터,031--413-2880,승강기 담당자,02-387-8***,1 m/min,5,122,20,033,97
서울특별시 은평구 갈현로15길 27-3,(구산동),2018-12-28,2019-12-27,01,122,1540,구산동리더스빌2차,공동주택-분양,5,0,0080954,1,엘리베이터,권상식-VVVF,승객용,122,3802,SSVF7,--,운행중,2011-12-28,한국승강기안전공단 서울서부지사,2011-12-28,1-1,2018-12-31,정기,조건부합격,600 Kg,현대엘리베이터(주),02--3670-0791,919920035,920010024,승우엘레텍(주),02--2642-2893,구형섭,010-4312-9***,1 m/min,5,122,3,034,28
서울특별시 은평구 가좌로 391,(신사동),20191023,20200122,01,122,170,신사씨티아파트,공동주택-분양,20,0,0039033,1,엘리베이터,권상식-VVVF,소방구조용,122,27,확인불가,--,운행중,1993-06-01,한국승강기안전공단 서울서부지사,1993-06-01,101-1,2019-10-23,정기,조건부합격,900 Kg,티센크루프엘리베이터코리아(주),02--2610-7777,919920034,919920034,티센크루프엘리베이터코리아(주),02--2610-7777,관리소장,***,1.5 m/min,20,122,12,034,34
서울특별시 은평구 갈현로5길 32,(신사동),2019-02-04,2020-02-03,01,122,925,한국빌딩,제1종근린생활시설-기타,4,0,0040401,1,엘리베이터,권상식-VVVF,승객용,122,1823,VVVF,--,운행중,2006-01-17,한국승강기안전공단 서울서부지사,2006-01-17,1-1,2019-03-12,정기,조건부합격,550 Kg,(주)상아엘리베이터 - 폐업,032--529-8551,919971207,920120041,(주)에스엠엘리베이터,032--549-3100,승강기 담당,(02)353-1***,1 m/min,4,122,13,034,32
서울특별시 은평구 은평로 97,(응암동),2019-11-28,2020-05-27,01,122,10,동아빌딩,제2종근린생활시설-기타,5,1,0050005,2,엘리베이터,유압식-교류,자동차용,122,158,확인불가,--,운행중,1991-06-11,한국승강기안전공단 서울서부지사,1991-06-11,1-2,2019-11-20,정기,합격,2000 Kg,한국오티스엘리베이터(주) ,041--356-1181-6,919920055,919930409,현대엘리베이터(주)서울사무소,02--3670-0987,윤창노,010-7688-2***,.33 m/min,2,122,20,034,61
서울특별시 은평구 통일로 873,(갈현동),2019-04-11,2020-04-10,01,122,102,청구성심병원,의료시설-기타,8,1,0006427,1,엘리베이터,권상식-VVVF,침대용,122,3563,TK-55G,--,운행중,1993-08-20,한국승강기안전공단 서울서부지사,2011-04-19,1-1,2019-05-09,정기,조건후합격,1350 Kg,티센크루프엘리베이터코리아(주),02--2610-7777,919920034,919950932,티센크루프엘리베이터코리아(주),02--2610-7777,김해용,(02)385-5***,1 m/min,8,122,3,033,30
서울특별시 은평구 응암로21가길 12,(응암동),2019-09-25,2020-09-24,01,122,17,진성빌딩,제2종근린생활시설-기타,6,0,0015220,1,엘리베이터,권상식-교류,승객용,122,256,확인불가,--,운행중,1995-06-01,한국승강기안전공단 서울서부지사,1995-06-01,1-1,2019-10-02,정기,조건부합격,450 Kg,(주)뉴텍엘리베이터,02--2606-2462,919930214,919951027,(주)우성아이디에스엘리베이터,02--2631-4400,이명연,010-2439-2***,1 m/min,6,122,9,034,56
서울특별시 은평구 갈현로31길 14-8,"(갈현동, 첼라넥스빌)",20191128,20191227,01,122,1851,갈현동첼라넥스빌,제2종근린생활시설-기타,5,0,0104713,1,엘리베이터,권상식-VVVF,승객용,122,4238,TK-50CS,--,운행중,2014-02-26,한국승강기안전공단 서울서부지사,2014-02-26,1-1,2019-11-28,정기,조건부합격,630 Kg,티센크루프엘리베이터코리아(주),02--2610-7777,919920034,919950932,티센크루프엘리베이터코리아(주),02--2610-7777,승강기담당(전은정),***,1 m/min,5,122,3,033,21
서울특별시 은평구 연서로29길 8-8,(갈현동),2019-02-26,2020-02-25,01,122,977,인락빌딩,제2종근린생활시설-기타,7,3,0002669,1,엘리베이터,권상식-VVVF,장애인용,122,1911,MS-3000S,--,운행중,2006-12-18,한국승강기안전공단 서울서부지사,2006-12-18,1-1,2019-04-25,정기,조건후합격,750 Kg,코네엘리베이터코리아(주)-폐업,032--524-7430,919940822,920050029,(주)우주엘리베이터,02--2671-8690,이창배,02-352-1***,1.5 m/min,10,122,3,033,30
서울특별시 은평구 은평로 133,(응암동),2019-06-16,2020-06-15,01,122,8,본서부병원,의료시설-기타,7,1,0015405,1,엘리베이터,권상식-VVVF,침대용,122,1731,Di1,--,운행중,1973-09-30,한국승강기안전공단 서울서부지사,2005-06-08,1-1,2019-08-01,정기,조건후합격,750 Kg,오티스엘리베이터(유)창원공장,055--289-8235,919990124,919920075,오티스엘리베이터(유)서울,02--2007-5800,강준근,02-3156-1***,.5 m/min,7,122,4,034,60
서울특별시 은평구 통일로 1050, (진관동),2019-11-08,2020-11-07,01,122,2487,롯데몰 은평점,판매시설-백화점,9,2,1810409,86,무빙워크,팔레트식-,무빙워크,122,5454,GS8100-NX(412),--,운행중,2016-11-08,한국승강기안전공단 서울서부지사,2016-11-08,마트외부-11,2019-12-05,정기,합격,,후지테크코리아(주),032--817-7541,919920056,920150038,후지테크코리아(주) 서울,02--715-9321,신동국(총괄매니저),010-7591-2***,.5 m/min,6.3,122,,033,06
서울특별시 은평구 갈현로23길 41,(갈현동),2019-06-08,2020-06-07,01,122,215,갈현동한솔아파트,공동주택-분양,11,1,0070171,1,엘리베이터,권상식-VVVF,승객화물용,122,399,CV-60,--,운행중,1997-07-24,한국승강기안전공단 서울서부지사,1997-07-24,101-1,2019-07-12,정기,조건부합격,900 Kg,동양중공업(주),031--498-7777,919930173,919990102,신한엘리베이터(주),031--917-4796,관리소장,(02)353-3***,1 m/min,12,122,11,033,26
서울특별시 은평구 은평로9길 3-5,(응암동),2019-09-01,2020-08-31,01,122,1098,아뜨리에빌,공동주택-분양,7,0,0051630,1,엘리베이터,권상식-VVVF,승객용,122,2406,확인불가,--,운행중,2008-09-01,한국승강기안전공단 서울서부지사,2008-09-01,1-1,2019-09-09,정기,합격,450 Kg,(주)반도엘리베이터,02--2687-2165,919961054,919961073,나라엘리베이터안전관리,02--998-4980~1,나정애,010-4620-7***,1 m/min,6,122,8,034,61
서울특별시 은평구 진관1로 77-11,(진관동),2019-07-14,2020-07-13,01,122,1287,하나님의교회,종교시설-종교시설,5,1,0041360,1,엘리베이터,권상식-VVVF,장애인용,122,3272,Si1,--,운행중,2010-07-14,한국승강기안전공단 서울서부지사,2010-07-14,1-1,2019-07-11,정기,합격,1000 Kg,오티스엘리베이터(유)서울,02--2007-5800,919920075,919930343,대한엘리베이터안전관리,02--423-5857,승강기담당자,02-382-2***,1 m/min,6,122,3,033,10
서울특별시 은평구 연서로19길 16-7,(갈현동),2018-12-07,2019-12-06,01,122,460,행운아파트,공동주택-분양,6,1,0069664,1,엘리베이터,권상식-VVVF,승객용,122,993,STVF-4,--,운행중,2002-09-27,한국승강기안전공단 서울서부지사,2002-09-27,1-1,2019-01-31,정기,조건후합격,750 Kg,현대엘리베이터(주),02--3670-0791,919920035,919930409,현대엘리베이터(주)서울사무소,02--3670-0987,승강기담당자,011-745-5***,1 m/min,7,122,10,033,36
서울특별시 은평구 연서로48길 11,(진관동),2019-07-17,2020-07-16,01,122,1167,은평뉴타운 제각말 5-2관리소,공동주택-분양,9,2,0042081,29,엘리베이터,권상식-VVVF,장애인용,122,2941,SSVF5,--,운행중,2009-07-29,한국승강기안전공단 서울서부지사,2009-07-29,521-1,2019-08-27,정기,조건후합격,1000 Kg,현대엘리베이터(주),02--3670-0791,919920035,919930409,현대엘리베이터(주)서울사무소,02--3670-0987,관리소장 ( 최지연 ),02-358-8***,1.5 m/min,11,122,3,033,08
서울특별시 은평구 불광로 122-9,(불광동),2019-10-06,2020-10-05,01,122,1475,더수빌,제2종근린생활시설-기타,7,0,0102202,1,엘리베이터,권상식-VVVF,승객용,122,3717,GR1,--,운행중,2011-10-06,한국승강기안전공단 서울서부지사,2011-10-06,1-1,2019-10-16,정기,조건부합격,550 Kg,오티스엘리베이터(유)서울,02--2007-5800,919920075,919920075,오티스엘리베이터(유)서울,02--2007-5800,손진옥,010-8887-9***,1 m/min,7,122,03,033,62
서울특별시 은평구 불광로 64,(불광동，불광 롯데캐슬),2019-08-28,2020-08-27,01,122,1692,불광동롯데캐슬,공동주택-분양,18,5,0073090,11,엘리베이터,권상식-VVVF,소방구조/장애인용,122,4054,STVF-7,--,운행중,2013-07-26,한국승강기안전공단 서울서부지사,2013-07-26,106-1,2019-10-02,정기,합격,1000 Kg,현대엘리베이터(주),02--3670-0791,919920035,919930409,현대엘리베이터(주)서울사무소,02--3670-0987,승강기담당,02-356-2***,1.75 m/min,21,122,3,033,64
서울특별시 은평구 통일로 지하 602-1,(녹번동),2019-01-26,2020-01-25,01,122,735,서울교통공사3호선녹번역,운수시설-지하철역사,1,3,0080695,2,엘리베이터,권상식-VVVF,장애인용,122,1598,DSEM,--,운행중,2005-03-03,한국승강기안전공단 서울서부지사,2005-03-03,외부-1,2019-02-18,정기,조건부합격,1000 Kg,동산엘리베이터(주),031--499-8090,920000102,919930351,(주)금강테크엘리베이터,02--834-5020,곽도윤,02-6110-4***,.75 m/min,2,122,8,033,73
서울특별시 은평구 연서로 지하 137-1,(구산동),2019-05-26,2020-05-25,01,122,330,서울교통공사6호선구산역,판매시설-백화점,1,4,1800592,3,에스컬레이터,스텝식-,에스컬레이터,122,640,M-BB,--,운행중,2000-10-31,한국승강기안전공단 서울서부지사,2000-10-31,E/S-2,2019-06-25,정밀,조건후합격,,현대엘리베이터(주),02--3670-0791,919920035,919920078,(주)태성에스컬레이터,02--582-9060,박건우,02-6110-4***,.42 m/min,15.3,122,99,034,12
서울특별시 은평구 갈현로1길 31,"(신사동, 신사동 한신 휴 플러스)",2019-06-12,2020-06-11,01,122,605,한신휴플러스아파트,공동주택-분양,15,1,0038286,6,엘리베이터,권상식-VVVF,장애/승객화물용,122,1234,Si1,--,운행중,2003-07-24,한국승강기안전공단 서울서부지사,2003-07-24,104-2,2019-07-29,정밀,조건후합격,1000 Kg,오티스엘리베이터(유)창원공장,055--289-8235,919990124,919920075,오티스엘리베이터(유)서울,02--2007-5800,관리소장,(02)357-1***,1 m/min,16,122,5,034,38
서울특별시 은평구 증산로 395-16,(신사동),2019-01-19,2020-01-18,01,122,986,한양아트빌,제2종근린생활시설-기타,5,0,0003361,1,엘리베이터,권상식-VVVF,승객용,122,1915,TK-50G,--,운행중,2006-12-19,한국승강기안전공단 서울서부지사,2006-12-19,1-1,2019-03-05,정기,조건부합격,550 Kg,티센크루프엘리베이터코리아(주),02--2610-7777,919920034,919950932,티센크루프엘리베이터코리아(주),02--2610-7777,남정우,(02)359-5***,1 m/min,5,122,12,034,42
서울특별시 은평구 갈현로 82,(역촌동),2019-06-23,2020-06-22,01,122,659,제일프라자,제2종근린생활시설-기타,5,1,0038520,1,엘리베이터,권상식-VVVF,장애인용,122,1315,STVF-2,--,운행중,2003-11-21,한국승강기안전공단 서울서부지사,2003-11-21,1-1,2019-07-05,정밀,합격,750 Kg,현대엘리베이터(주),02--3670-0791,919920035,920110039,(주)유원한솔엘리베이터,02--980-3668,김두환,010-5319-8***,1 m/min,6,122,10,034,19
서울특별시 은평구 통일로 745-1,(대조동),2019-03-28,2020-03-27,01,122,1719,경준빌딩(대조리치빌2),제2종근린생활시설-기타,10,0,0070448,1,엘리베이터,권상식-VVVF,승객용,122,4041,ELENESSA,--,운행중,2013-03-28,한국승강기안전공단 서울서부지사,2013-03-28,1-1,2019-04-05,정기,조건부합격,550 Kg,한국미쓰비시엘리베이터(주)(인천),032--330-8469,920030006,920020007,한국미쓰비시엘리베이터(주)(서울),02--6670-2152,승강기담당자,***,1.75 m/min,10,122,3,033,96
서울특별시 은평구 백련산로 6,(응암동),2019-09-17,2020-09-16,01,122,622,대주피오레아파트,공동주택-분양,15,2,0070142,2,엘리베이터,권상식-VVVF,장애/승객화물용,122,1254,Di1,--,운행중,2003-09-17,한국승강기안전공단 서울서부지사,2003-09-17,101-2,2019-11-13,정밀,조건후합격,1000 Kg,오티스엘리베이터(유)창원공장,055--289-8235,919990124,920090054,신한엘리베이터(주),02--2699-4346,박만식 (관리소장),02-308-6***,1.5 m/min,18,122,1,034,77
서울특별시 은평구 응암로24길 8,(응암동),2018-12-23,2019-12-22,01,122,1536,진엘르빌 ,제2종근린생활시설-기타,7,0,0080515,1,엘리베이터,권상식-VVVF,승객용,122,3801,확인불가,--,운행중,2011-12-23,한국승강기안전공단 서울서부지사,2011-12-23,1-1,2019-04-08,정기,조건후합격,550 Kg,한성유엘산업(주),02--866-1764,920090002,920030037,(주)성지에스티엠,02--2637-8533,강미남,010-3226-3***,1 m/min,7,122,3,034,66
서울특별시 은평구 진흥로 37-1,(역촌동),2019-10-16,2020-10-15,01,122,1099,하늘애아파트 2차,공동주택-분양,14,2,0069499,1,엘리베이터,권상식-VVVF,장애인용,122,2409,Si1,--,운행중,2008-10-07,한국승강기안전공단 서울서부지사,2008-10-07,1-1,2019-10-16,정기,조건부합격,1000 Kg,오티스엘리베이터(유)창원공장,055--289-8235,919990124,919930214,(주)뉴텍엘리베이터,02--2606-2462,입주자대표,010-6232-9***,1.75 m/min,15,122,3,034,08
서울특별시 은평구 통일로53길 9,(녹번동),2019-08-30,2020-08-29,01,122,57,백명파크맨숀,공동주택-분양,4,1,0042269,1,엘리베이터,권상식-VVVF,승객용,122,322,VVVF,--,운행중,1996-07-04,한국승강기안전공단 서울서부지사,1996-07-04,1-1,2019-09-10,정기,조건부합격,550 Kg,(주)우진엘리베이터,051--312-2533,919950967,920030067,주식회사보성엘리베이터,02--898-1426,승강기담당자,02-898-1***,1 m/min,5,122,8,033,82
서울특별시 은평구 통일로 742,(불광동),2019-07-26,2020-07-25,01,122,83,한화63시티/한화생명불광동사옥,업무시설-기타,8,4,0006961,1,엘리베이터,권상식-VVVF,승객용,122,291,WBLX1,--,운행중,1996-03-11,한국승강기안전공단 서울서부지사,2016-07-06,1-1,2019-08-14,정기,조건후합격,1000 Kg,현대엘리베이터(주),02--3670-0791,919920035,919930409,현대엘리베이터(주)서울사무소,02--3670-0987,노명환,(02)359-1***,1.75 m/min,12,122,3,033,58
서울특별시 은평구 통일로 869,(갈현동),2019-01-05,2020-01-04,01,122,108,서연빌딩,제2종근린생활시설-기타,7,1,0042094,1,엘리베이터,권상식-VVVF,승객용,122,61,WBLX1,--,운행중,1994-06-01,한국승강기안전공단 서울서부지사,2018-01-05,1-1,2019-02-08,정기,조건후합격,700 Kg,현대엘리베이터(주),02--3670-0791,919920035,920170057,월드엘레베이터(주),02--422-5891,호경조,(02)356-4***,1 m/min,8,122,03,033,30
서울특별시 은평구 연서로 93-1,(구산동),2019-11-22,2020-11-21,01,122,978,미성빌딩,제2종근린생활시설-기타,6,0,0084114,1,엘리베이터,권상식-VVVF,승객용,122,1903,SA1,--,운행중,2006-11-22,한국승강기안전공단 서울서부지사,2006-11-22,1-1,2019-11-04,정기,조건부합격,750 Kg,오티스엘리베이터(유)창원공장,055--289-8235,919990124,919920075,오티스엘리베이터(유)서울,02--2007-5800,승강기관리주체,010-9799-1***,1 m/min,6,122,1,034,13
서울특별시 은평구 통일로71가길 12,(대조동),2019-07-30,2020-07-29,01,122,1088,파로스빌,공동주택-분양,5,0,0042225,1,엘리베이터,권상식-VVVF,승객용,122,2392,확인불가,--,운행중,2008-07-30,한국승강기안전공단 서울서부지사,2008-07-30,1-1,2019-08-07,정기,합격,550 Kg,(주)캐치원이엔지,02--2671-0422,920020016,920020016,(주)캐치원이엔지,02--2671-0422,승강기담당자,***,1 m/min,5,122,3,033,91
서울특별시 은평구 연서로9길 23,(역촌동),2018-12-02,2019-12-01,01,122,212,조경빌딩,제2종근린생활시설-기타,6,1,0038040,1,엘리베이터,권상식-VVVF,승객용,122,368,LGP,2013-07-03,운행중,1997-06-07,한국승강기안전공단 서울서부지사,1997-06-07,1-1,2018-12-28,정밀,조건부합격,550 Kg,엘지산전(주) 창원공장,055--269-4114,919920032,919920075,오티스엘리베이터(유)서울,02--2007-5800,승강기담당자,(02)351-4***,1 m/min,7,122,1,034,15
서울특별시 은평구 통일로 951,(갈현동),2019-11-17,2020-11-16,01,122,1130,서광교회,종교시설-종교시설,7,2,0083807,1,엘리베이터,권상식-VVVF,장애인용,122,2469,Si1,--,운행중,2008-11-17,한국승강기안전공단 서울서부지사,2008-11-17,1-1,2019-11-20,정기,조건부합격,1600 Kg,오티스엘리베이터(유)창원공장,055--289-8235,919990124,919920075,오티스엘리베이터(유)서울,02--2007-5800,김영진,(02)387-0***,1 m/min,9,122,3,033,14
서울특별시 은평구 증산로21길 11,(신사동),2019-04-25,2020-04-24,01,122,351,삼부아파트(신흥상가),공동주택-분양,16,0,0039184,1,엘리베이터,권상식-VVVF,소방구조/장애인용,122,763,Di1,--,운행중,2001-04-11,한국승강기안전공단 서울서부지사,2001-04-11,1-1,2019-04-15,정기,조건부합격,1150 Kg,오티스엘리베이터(유)창원공장,055--289-8235,919990124,920100032,구일엘리베이터(주),02--588-2384,관리소장,02-372-2***,1 m/min,16,122,1,034,51
서울특별시 은평구 은평터널로 65,(수색동),2019-04-03,2020-04-02,01,122,349,수색대림한숲타운아파트,공동주택-분양,11,1,0005138,8,엘리베이터,권상식-VVVF,장애인용,122,719,Si1,--,운행중,2001-03-20,한국승강기안전공단 서울서부지사,2001-03-20,104-1,2019-04-15,정기,합격,1000 Kg,오티스엘리베이터(유)서울,02--2007-5800,919920075,919981654,(주)서강엘리베이터,031--978-9797,승강기담당자,02-308-2***,1 m/min,12,122,5,034,91
서울특별시 은평구 통일로 863-13,(갈현동),2018-12-07,2019-12-06,01,122,130,로얄빌딩,제2종근린생활시설-기타,6,1,0007328,1,엘리베이터,권상식-VVVF,승객용,122,381,TK-50CS,--,운행중,1991-03-26,한국승강기안전공단 서울서부지사,2017-12-07,1-1,2019-01-16,정기,조건부합격,550 Kg,티센크루프엘리베이터코리아(주),02--2610-7777,919920034,919920034,티센크루프엘리베이터코리아(주),02--2610-7777,김성태,(02)782-0***,1 m/min,6,122,3,033,30
서울특별시 은평구 불광천길 526,(응암동),2019-01-10,2020-01-09,01,122,388,상아아파트,공동주택-분양,10,0,0080463,1,엘리베이터,권상식-VVVF,승객용,122,885,확인불가,--,운행중,2001-11-30,한국승강기안전공단 서울서부지사,2001-11-30,1-1,2019-02-08,정기,조건부합격,680 Kg,조선승강기,02--388-1561,919961089,919930214,(주)뉴텍엘리베이터,02--2606-2462,승강기담당자,010-7239-7***,1 m/min,10,122,8,034,53
서울특별시 은평구 서오릉로21길 36,(구산동),2019-07-11,2020-07-10,01,122,264,갈현현대아파트,공동주택-분양,16,1,0041281,1,엘리베이터,권상식-VVVF,소방구조용,122,462,STVF,--,운행중,1998-06-22,한국승강기안전공단 서울서부지사,1998-06-22,101-1,2019-08-09,정기,조건부합격,1000 Kg,현대엘리베이터(주),02--3670-0791,919920035,919930409,현대엘리베이터(주)서울사무소,02--3670-0987,관리소장,(02)354-7***,1.5 m/min,16,122,10,034,27
서울특별시 은평구 서오릉로 45,(녹번동),2019-03-12,2020-03-11,01,122,1367,최원호병원,의료시설-기타,8,3,0014971,1,엘리베이터,권상식-VVVF,장애/침대용,122,3518,TK-50G,--,운행중,2011-05-13,한국승강기안전공단 서울서부지사,2011-05-13,1-1,2019-03-20,정기,조건부합격,1750 Kg,티센크루프엘리베이터코리아(주),02--2610-7777,919920034,919920034,티센크루프엘리베이터코리아(주),02--2610-7777,류영태,02-3156-8***,2 m/min,11,122,3,034,59
서울특별시 은평구 통일로73길 3-6,(대조동),2019-07-28,2020-07-27,01,122,1436,대조동명지타운,공동주택-분양,6,0,0051283,1,엘리베이터,권상식-VVVF,승객용,122,3666,STVF-7,--,운행중,2011-07-28,한국승강기안전공단 서울서부지사,2011-07-28,1-1,2019-08-06,정기,조건부합격,600 Kg,현대엘리베이터(주),02--3670-0791,919920035,919930409,현대엘리베이터(주)서울사무소,02--3670-0987,고정심,4***,1 m/min,6,122,3,033,90
서울특별시 은평구 진관2로 90,"(진관동, 은평뉴타운 마고정)",20191105,20200103,01,122,1107,은평뉴타운 마고정3단지,공동주택-분양,7,2,0102285,30,엘리베이터,권상식-VVVF,장애인용,122,2483,SSVF5,--,운행중,2008-12-15,한국승강기안전공단 서울서부지사,2008-12-15,321-3,2019-11-05,정기,조건부합격,1000 Kg,현대엘리베이터(주),02--3670-0791,919920035,919930409,현대엘리베이터(주)서울사무소,02--3670-0987,관리과장,(02)353-1***,1.5 m/min,9,122,10,033,10
서울특별시 은평구 연서로29길 20-21,(갈현동),2018-12-20,2019-12-19,01,122,838,유니온빌딩,제2종근린생활시설-기타,5,1,0082657,1,엘리베이터,권상식-VVVF,승객용,122,1612,Si1,--,운행중,2004-12-20,한국승강기안전공단 서울서부지사,2004-12-20,1-1,2018-12-06,정기,조건부합격,550 Kg,오티스엘리베이터(유)창원공장,055--289-8235,919990124,919920075,오티스엘리베이터(유)서울,02--2007-5800,강명석,010-3757-2***,1 m/min,5,122,5,033,30
서울특별시 은평구 진흥로9길 3-7,(역촌동),2019-04-08,2020-04-07,01,122,1136,보성리엔빌,공동주택-분양,6,0,0006180,1,엘리베이터,권상식-VVVF,승객용,122,2501,STVF-5,--,운행중,2009-02-23,한국승강기안전공단 서울서부지사,2009-02-23,1-1,2019-04-24,정기,합격,550 Kg,현대엘리베이터(주),02--3670-0791,919920035,920110039,(주)유원한솔엘리베이터,02--980-3668,신주연,010-9342-7***,1 m/min,6,122,3,034,04
서울특별시 은평구 통일로 897,(갈현동),2019-09-25,2020-03-24,01,122,109,경산빌딩,업무시설-기타,5,1,0068830,2,엘리베이터,유압식-교류,자동차용,122,65,확인불가,--,운행중,1994-07-04,한국승강기안전공단 서울서부지사,1994-07-04,1-2,2019-10-04,정기,합격,2000 Kg,(주)조아기공,032--547-0611,919930224,919990085,대한주차관리(주),02--852-4417,승강기담당,02-478-2***,.33 m/min,2,122,20,033,29
서울특별시 은평구 응암로9길 14,(응암동),2019-09-21,2020-09-20,01,122,2250,우방이지빌,공동주택-분양,6,0,0111577,1,엘리베이터,권상식-VVVF,승객용,122,4793,TK-50CS,--,운행중,2015-09-21,한국승강기안전공단 서울서부지사,2015-09-21,1,2019-10-04,정기,조건부합격,630 Kg,티센크루프엘리베이터코리아(주),02--2610-7777,919920034,919950932,티센크루프엘리베이터코리아(주),02--2610-7777,승강기담당자,***,1 m/min,6,122,3,034,85
서울특별시 은평구 갈현로1길 16-1,(신사동),2019-06-14,2020-06-13,01,122,579,정원시티빌,공동주택-분양,6,1,0050586,1,엘리베이터,권상식-VVVF,승객용,122,1188,DY30A,--,운행중,2003-06-04,한국승강기안전공단 서울서부지사,2003-06-04,1-1,2019-07-19,정기,조건부합격,550 Kg,티센크루프엘리베이터코리아(주),02--2610-7777,919920034,919950932,티센크루프엘리베이터코리아(주),02--2610-7777,박영미,010-7190-5***,1 m/min,6,122,12,034,36
서울특별시 은평구 수색로 217-1,"(증산동, DMC 자이2단지내 상가 관리사무소)",2019-02-23,2020-02-22,01,122,1214,수색자이상가2단지,공동주택-분양,19,4,0040529,1,엘리베이터,권상식-VVVF,승객용,122,2496,TK50M,--,운행중,2009-02-23,한국승강기안전공단 서울서부지사,2009-02-23,2단지상가1,2019-02-25,정기,조건부합격,1150 Kg,티센크루프엘리베이터코리아(주),02--2610-7777,919920034,920050036,(주)승조엔지니어링,02--2698-6007,김태일,(02)302-2***,1 m/min,5,122,3,035,04
서울특별시 은평구 갈현로21길 9,(갈현동),2019-07-20,2020-07-19,01,122,1429,뉴아름빌,공동주택-분양,6,1,0050383,1,엘리베이터,권상식-VVVF,승객용,122,3658,STVF-7,--,운행중,2011-07-20,한국승강기안전공단 서울서부지사,2011-07-20,1-1,2019-07-16,정기,조건부합격,600 Kg,현대엘리베이터(주),02--3670-0791,919920035,919930409,현대엘리베이터(주)서울사무소,02--3670-0987,김정애,010-3669-0***,1 m/min,6,122,10,033,25
서울특별시 은평구 불광로 60,(불광동),2019-11-24,2020-11-23,01,122,827,라비앙타워,제2종근린생활시설-기타,5,1,0084799,1,엘리베이터,권상식-VVVF,장애인용,122,1590,DY30A,--,운행중,2004-11-24,(재)승강기안전기술연구원 서울지원,2004-11-24,1-1,2019-11-11,정기,합격,750 Kg,티센크루프엘리베이터코리아(주),02--2610-7777,919920034,919920034,티센크루프엘리베이터코리아(주),02--2610-7777,승강기담당자,010-3232-6***,1 m/min,5,122,12,033,65
서울특별시 은평구 서오릉로 94,(대조동),2019-06-20,2020-06-19,01,122,219,대조삼성타운아파트,공동주택-분양,21,2,0069931,1,엘리베이터,권상식-VVVF,소방구조용,122,409,WBST1,--,운행중,1997-09-22,한국승강기안전공단 서울서부지사,1997-09-22,101-1,2019-08-14,정기,조건후합격,1000 Kg,현대엘리베이터(주),02--3670-0791,919920035,919930409,현대엘리베이터(주)서울사무소,02--3670-0987,신희철,(02)6357-7***,1.5 m/min,20,122,10,033,92
서울특별시 은평구 진관4로 48-50,(진관동),2019-04-09,2020-04-08,01,122,1047,은평뉴타운상림마을(13단지),공동주택-분양,10,1,0005662,12,엘리베이터,권상식-VVVF,장애인용,122,2262,STVF-5,--,운행중,2008-01-15,한국승강기안전공단 서울서부지사,2008-01-15,728-1,2019-05-07,정기,조건부합격,1000 Kg,현대엘리베이터(주),02--3670-0791,919920035,919930409,현대엘리베이터(주)서울사무소,02--3670-0987,관리소장,(02)355-6***,1 m/min,12,122,10,033,03
서울특별시 은평구 은평로 49-1,(신사동),2019-08-18,2020-08-17,01,122,1443,해들목휴먼빌,공동주택-분양,7,0,0068034,1,엘리베이터,권상식-VVVF,승객용,122,3678,SA1,--,운행중,2011-08-18,한국승강기안전공단 서울서부지사,2011-08-18,1-1,2019-08-21,정기,조건부합격,700 Kg,오티스엘리베이터(유)창원공장,055--289-8235,919990124,919920075,오티스엘리베이터(유)서울,02--2007-5800,승강기담당자,010-9190-2***,1 m/min,7,122,3,034,22
서울특별시 은평구 은평로13길 10,(응암동),2019-04-15,2020-04-14,01,122,928,신풍빌딩,제2종근린생활시설-기타,6,0,0003605,1,엘리베이터,권상식-VVVF,승객용,122,1826,Si1,--,운행중,2006-02-10,한국승강기안전공단 서울서부지사,2006-02-10,1-1,2019-04-15,정기,조건부합격,550 Kg,오티스엘리베이터(유)창원공장,055--289-8235,919990124,920110039,(주)유원한솔엘리베이터,02--980-3668,이해련,010-9042-2***,1 m/min,6,122,5,034,60
서울특별시 은평구 응암로21길 18-1,(응암동),2019-11-21,2020-11-20,01,122,18,동명빌딩,제2종근린생활시설-기타,6,0,0080707,1,엘리베이터,권상식-교류,승객용,122,275,확인불가,--,운행중,1995-06-01,한국승강기안전공단 서울서부지사,1995-06-01,1-1,2019-12-04,정기,조건후합격,550 Kg,(주)뉴텍엘리베이터,02--2606-2462,919930214,919951027,(주)우성아이디에스엘리베이터,02--2631-4400,구민회,02-359-2***,1 m/min,6,122,20,034,56
서울특별시 은평구 백련산로 127,(응암동),2019-07-17,2020-07-16,01,122,9,응암신동아아파트,공동주택-분양,13,0,0038259,1,엘리베이터,권상식-VVVF,승객용,122,1733,DY20B,--,운행중,1990-10-01,한국승강기안전공단 서울서부지사,2005-06-24,1-1,2019-08-23,정기,조건부합격,1150 Kg,티센크루프엘리베이터코리아(주),02--2610-7777,919920034,919981684,성도엘리베이터(주),02--324-3567,승강기담당(양태홍),(02)387-6***,1 m/min,13,122,12,034,63
서울특별시 은평구 진관2로 15-40,(진관동),2018-12-05,2019-12-04,01,122,1378,구파발광역환승센터,자동차관련시설-자동차관련시설,4,2,0040549,1,엘리베이터,권상식-VVVF,장애인용,122,3481,ENK-MRL(02),--,운행중,2011-03-17,한국승강기안전공단 서울서부지사,2018-12-05,1-1,2018-12-05,수시,조건부합격,1000 Kg,(주)이앤케이,02--6925-2477,920120036,920120036,(주)이앤케이,02--6925-2477,승강기 담당자,02-2290-6***,1 m/min,6,122,3,033,06
서울특별시 은평구 서오릉로7길 9-21,(역촌동),2019-04-24,2020-04-23,01,122,559,미션빌(김영신빌딩),제2종근린생활시설-기타,6,1,0007183,1,엘리베이터,권상식-VVVF,승객용,122,1163,Di1,--,운행중,2003-04-24,한국승강기안전공단 서울서부지사,2003-04-24,1-1,2019-04-02,정밀,조건부합격,750 Kg,오티스엘리베이터(유)서울,02--2007-5800,919920075,919920075,오티스엘리베이터(유)서울,02--2007-5800,최기자,(02)355-0***,1 m/min,6,122,1,034,04
서울특별시 은평구 백련산로 38,"(응암동, 백련산 힐스테이트 2차)",2019-11-15,2020-11-14,01,122,1375,백련산힐스테이트2차,공동주택-분양,15,3,0082713,13,엘리베이터,권상식-VVVF,소방구조/장애인용,122,3487,LXVF-7,--,운행중,2011-04-05,한국승강기안전공단 서울서부지사,2011-04-05,206-1,2019-11-21,정기,조건후합격,1000 Kg,현대엘리베이터(주),02--3670-0791,919920035,919930409,현대엘리베이터(주)서울사무소,02--3670-0987,치과의원장,(02)3151-0***,1.5 m/min,18,122,3,034,77
서울특별시 은평구 은평터널로 163,(신사동),2019-01-18,2020-01-17,01,122,169,뉴신사신성아파트,공동주택-분양,13,1,0081542,2,엘리베이터,권상식-VVVF,승객용,122,21,TK-50G,--,운행중,1993-06-01,한국승강기안전공단 서울서부지사,1993-06-01,102-1,2019-02-11,정기,조건부합격,1150 Kg,티센크루프엘리베이터코리아(주),02--2610-7777,919920034,919950932,티센크루프엘리베이터코리아(주),02--2610-7777,관리소장,(02)305-1***,1 m/min,14,122,11,034,45
서울특별시 은평구 백련산로 146-30,(응암동，응암 SH-VILLE),2019-05-31,2020-05-30,01,122,1022,응암SH-Ville임대아파트,공동주택-분양,13,2,0040866,1,엘리베이터,권상식-VVVF,승객화물용,122,1946,TK-50G,--,운행중,2007-05-31,한국승강기안전공단 서울서부지사,2007-05-31,1-1,2019-05-03,정기,합격,1000 Kg,티센크루프엘리베이터코리아(주),02--2610-7777,919920034,919950932,티센크루프엘리베이터코리아(주),02--2610-7777,김영수,02-353-9***,1 m/min,15,122,3,034,75
서울특별시 은평구 진관3로 73-17,(진관동),2019-05-29,2020-05-28,01,122,1311,은빛초등학교,교육연구시설-초등학교,5,0,0103852,3,엘리베이터,권상식-VVVF,장애인용,122,3885,확인불가,--,운행중,2012-06-12,한국승강기안전공단 서울서부지사,2012-06-12,1-3,2019-06-17,정기,조건부합격,1000 Kg,(주)한테크,02--2678-0375,919981611,920080014,하나로엠지엠(주),02--900-2526,김동현,02-388-4***,1 m/min,5,122,3,033,01
서울특별시 은평구 통일로 855-8,(갈현동),2019-11-13,2020-11-12,01,122,1040,진원 Y-타운,제2종근린생활시설-기타,13,2,0083632,2,엘리베이터,권상식-VVVF,승객용,122,2172,Si1,--,운행중,2007-11-13,한국승강기안전공단 서울서부지사,2007-11-13,1-2,2019-11-13,정기,조건부합격,750 Kg,오티스엘리베이터(유)창원공장,055--289-8235,919990124,919920075,오티스엘리베이터(유)서울,02--2007-5800,승강기담당자,(02)387-0***,1.5 m/min,15,122,5,033,30
서울특별시 은평구 진관1로 55,", 은평뉴타운마고정아파트 (진관동)",2019-10-24,2020-10-23,01,122,1146,은평뉴타운마고정11단지,공동주택-분양,15,1,0102149,9,엘리베이터,권상식-VVVF,소방구조/장애인용,122,2538,LXVF1,--,운행중,2009-03-27,(재)승강기안전기술연구원 서울지원,2009-03-27,307-1,2019-11-19,정기,합격,1150 Kg,현대엘리베이터(주),02--3670-0791,919920035,919930409,현대엘리베이터(주)서울사무소,02--3670-0987,관리사무소,(02)353-1***,1.5 m/min,16,122,10,033,10
서울특별시 은평구 서오릉로18길 25-4,"(갈현동, 더 클래스)",2019-08-22,2020-08-21,01,122,1963,"더클래스 101,102동",공동주택-분양,6,0,0073664,1,엘리베이터,권상식-VVVF,승객용,122,4404,TK-50CS,--,운행중,2014-08-22,한국승강기안전공단 서울서부지사,2014-08-22,101동,2019-09-04,정기,조건부합격,630 Kg,티센크루프엘리베이터코리아(주),02--2610-7777,919920034,919950932,티센크루프엘리베이터코리아(주),02--2610-7777,승강기담당,***,1 m/min,6,122,3,033,26
서울특별시 은평구 은평로13길 12-1,해명빌딩 (녹번동),2019-05-28,2019-11-27,01,122,43,(주)녹번해명(해명빌딩),제2종근린생활시설-기타,5,1,0104893,1,엘리베이터,권상식-VVVF,승객용,122,138,확인불가,--,운행중,1991-06-10,한국승강기안전공단 서울서부지사,1991-06-10,1-1,2019-08-01,정기,조건후합격,1150 Kg,현대엘리베이터(주),02--3670-0791,919920035,919990073,명성엘리베이터(주),02--2616-2404,관리소장 (민정훈),(02)388-1***,1 m/min,6,122,3,034,59
서울특별시 은평구 불광로 20,(대조동),2019-02-15,2020-02-14,01,122,824,팜스퀘어,판매시설-기타,16,7,0040950,10,엘리베이터,권상식-VVVF,승객용,122,1615,DY20B,--,운행중,2005-02-15,한국승강기안전공단 서울서부지사,2005-02-15,1-10,2019-02-21,정기,조건부합격,1350 Kg,티센크루프엘리베이터코리아(주),02--2610-7777,919920034,920020011,(주)주원엘리베이터,032--504-5172,승강기담당,02-350-7***,1.75 m/min,21,122,12,033,97
서울특별시 은평구 갈현로15길 53,(구산동),20191029,20191228,01,122,139,경향파크아파트,공동주택-분양,10,0,0005418,1,엘리베이터,권상식-VVVF,승객용,122,98,GM1,--,운행중,1989-05-23,한국승강기안전공단 서울서부지사,2018-09-19,1-1,2019-10-29,정기,조건부합격,550 Kg,오티스엘리베이터(유)서울,02--2007-5800,919920075,919940873,우성에레베이터,02--733-7061,관리소장,(02)358-7***,1 m/min,10,122,3,034,28
서울특별시 은평구 통일로71길 4,(대조동),2019-05-15,2020-05-14,01,122,1608,트라움궁,공동주택-분양,7,1,0039795,1,엘리베이터,권상식-VVVF,승객용,122,3879,GM1,--,운행중,2012-05-15,한국승강기안전공단 서울서부지사,2012-05-15,1-1,2019-05-30,정기,합격,600 Kg,오티스엘리베이터(유)창원공장,055--289-8235,919990124,919920075,오티스엘리베이터(유)서울,02--2007-5800,김대성,010-5523-0***,1.5 m/min,8,122,3,033,91
서울특별시 은평구 증산로21길 38-9,(신사동),2019-05-23,2020-05-22,01,122,1058,삼익하이빌,공동주택-분양,6,0,0006099,1,엘리베이터,권상식-VVVF,승객용,122,2299,STVF5,--,운행중,2008-03-21,한국승강기안전공단 서울서부지사,2008-03-21,1-1,2019-05-03,정기,조건부합격,550 Kg,현대엘리베이터(주),02--3670-0791,919920035,919930409,현대엘리베이터(주)서울사무소,02--3670-0987,주 나(입주자대표),010-3011-5***,1 m/min,6,122,10,034,50
서울특별시 은평구 응암로22길 22-1,(응암동),2019-06-14,2020-06-13,01,122,265,합도산업,제2종근린생활시설-기타,6,2,0038788,1,엘리베이터,권상식-VVVF,승객용,122,461,CV85A,--,운행중,1998-06-17,한국승강기안전공단 서울서부지사,1998-06-17,1-1,2019-07-08,정기,조건부합격,900 Kg,티센크루프엘리베이터코리아(주),02--2610-7777,919920034,919950932,티센크루프엘리베이터코리아(주),02--2610-7777,관리소장,02-303-6***,1 m/min,8,122,12,034,68
서울특별시 은평구 통일로 855-14,(갈현동),2019-11-04,2020-11-03,01,122,1325,샤인힐호텔,숙박시설-숙박시설,5,0,0083666,1,엘리베이터,권상식-VVVF,승객용,122,3345,확인불가,--,운행중,2010-11-04,(재)승강기안전기술연구원 서울지원,2010-11-04,1-1,2019-10-21,정기,조건부합격,450 Kg,(주)대현엘리베이터,032--567-6722,920010057,920080035,(주)정인승강기,032--502-6390,김용형,02-354-1***,.75 m/min,4,122,3,033,30
서울특별시 은평구 백련산로2길 19,(응암동，백련산 힐스테이트 1차),2019-10-22,2020-10-21,01,122,1370,백련산힐스테이트1차,공동주택-분양,15,2,0102548,8,엘리베이터,권상식-VVVF,소방구조/장애인용,122,3491,LXVF-7,--,운행중,2011-03-29,한국승강기안전공단 서울서부지사,2011-03-29,104-2,2019-11-20,정기,조건부합격,1000 Kg,현대엘리베이터(주),02--3670-0791,919920035,919930409,현대엘리베이터(주)서울사무소,02--3670-0987,관리과장 (허왕석),02-3151-0***,1.5 m/min,17,122,20,034,76
서울특별시 은평구 갈현로 301,(갈현동),2019-05-07,2020-05-06,01,122,847,갈현1동주민센터,제1종근린생활시설-기타,3,1,0005109,1,엘리베이터,권상식-VVVF,장애인용,122,1621,MC-2001,--,운행중,2005-03-07,한국승강기안전공단 서울서부지사,2005-03-07,1-1,2019-05-27,정기,조건후합격,900 Kg,코네엘리베이터코리아(주)-폐업,032--524-7430,919940822,920020011,(주)주원엘리베이터,032--504-5172,장지수,02-351-5***,1 m/min,4,122,20,033,18
서울특별시 은평구 은평로 170,(응암동),2019-11-13,2020-11-12,01,122,1796,상현빌딩,제1종근린생활시설-기타,9,3,0088395,2,엘리베이터,권상식-VVVF,장애인용,122,4172,GPR,--,운행중,2013-11-13,한국승강기안전공단 서울서부지사,2013-11-13,1-2,2019-11-28,정기,조건부합격,1150 Kg,오티스엘리베이터(유)창원공장,055--289-8235,919990124,919920075,오티스엘리베이터(유)서울,02--2007-5800,양병남,02-382-7***,1.5 m/min,12,122,3,034,62
서울특별시 은평구 연서로17길 13,(갈현동),2019-02-22,2020-02-21,01,122,129,백운빌딩,제2종근린생활시설-기타,6,1,0003458,1,엘리베이터,권상식-VVVF,승객용,122,3053,모델없음,--,운행중,1980-06-01,한국승강기안전공단 서울서부지사,2010-01-26,1-1,2019-04-12,정기,조건후합격,600 Kg,(주)승조엔지니어링,02--2698-6007,920050036,920050036,(주)승조엔지니어링,02--2698-6007,이관희,***,.75 m/min,6,122,3,033,36
서울특별시 은평구 은평로11길 11-2,(녹번동),2019-04-18,2020-04-17,01,122,35,경진빌딩,제2종근린생활시설-기타,1,1,0039143,2,엘리베이터,유압식-교류,자동차용,122,48,확인불가,--,운행중,1993-06-01,한국승강기안전공단 서울서부지사,1993-06-01,1-2,2019-03-14,정기,조건부합격,2000 Kg,한진엘리베이터(주),032--342-7781,919930250,920000051,(주)승강기나라,02--532-3232,승강기담당자,02-359-0***,.33 m/min,2,122,20,034,59
서울특별시 은평구 연서로20길 24-3,(대조동),2018-12-26,2019-12-25,01,122,389,대조동주민센터,업무시설-기타,4,0,0084652,1,엘리베이터,권상식-VVVF,장애인용,122,886,확인불가,--,운행중,2001-11-28,한국승강기안전공단 서울서부지사,2001-11-28,1-1,2019-03-04,정기,조건부합격,750 Kg,(주)중앙산기,02--598-0091~5,919930326,919930214,(주)뉴텍엘리베이터,02--2606-2462,김용부,(02)351-5***,1 m/min,4,122,20,033,89
서울특별시 은평구 연서로43길 21,(불광동),2019-04-04,2020-04-03,01,122,99,쉐라톤아파트,공동주택-분양,7,1,0003232,1,엘리베이터,권상식-VVVF,승객용,122,337,LGP,--,운행중,1997-02-22,한국승강기안전공단 서울서부지사,1997-02-22,1-1,2019-04-23,정기,합격,550 Kg,엘지산전(주) 창원공장,055--269-4114,919920032,920080035,(주)정인승강기,032--502-6390,강삼차(승강기담당자),010-8163-1***,1 m/min,8,122,4,033,38
서울특별시 은평구 진흥로 143,(대조동),2019-07-11,2020-07-10,01,122,580,연세빌딩,제2종근린생활시설-기타,7,1,0051100,1,엘리베이터,권상식-VVVF,장애인용,122,1189,DY30A,--,운행중,2003-07-11,한국승강기안전공단 서울서부지사,2003-07-11,1-1,2019-08-22,정밀,조건후합격,750 Kg,티센크루프엘리베이터코리아(주),02--2610-7777,919920034,919950932,티센크루프엘리베이터코리아(주),02--2610-7777,손광수,010-8739-4***,1 m/min,7,122,12,033,95
서울특별시 은평구 연서로29길 8-15,(갈현동),2019-10-25,2020-10-24,01,122,101,충남빌딩,제2종근린생활시설-기타,6,1,0083270,1,엘리베이터,권상식-VVVF,승객용,122,1289,Di1,--,운행중,1993-06-01,한국승강기안전공단 서울서부지사,2003-11-05,1-1,2019-11-01,정기,조건부합격,550 Kg,오티스엘리베이터(유)창원공장,055--289-8235,919990124,919930214,(주)뉴텍엘리베이터,02--2606-2462,나영주,010-3456-8***,1 m/min,7,122,1,033,30
서울특별시 은평구 통일로 796,(불광동，북한산 힐스테이트 7차),2019-07-16,2020-07-15,01,122,1301,북한산힐스테이트7차(분양),공동주택-분양,1,3,0042221,37,엘리베이터,권상식-VVVF,장애인용,122,3438,SSVF7,--,운행중,2011-05-27,한국승강기안전공단 서울서부지사,2011-05-27,1-37,2019-08-20,정기,조건부합격,1000 Kg,현대엘리베이터(주),02--3670-0791,919920035,919930409,현대엘리베이터(주)서울사무소,02--3670-0987,신도권기전실장,02-389-6***,1 m/min,4,122,3,033,57
서울특별시 은평구 불광로20길 9,(불광동),2019-11-15,2020-05-14,01,122,95,불광동현대아파트,공동주택-분양,8,0,0103437,1,엘리베이터,권상식-VVVF,승객용,122,220,확인불가,--,운행중,1992-06-01,한국승강기안전공단 서울서부지사,1992-06-01,1-1,2019-11-13,정기,조건부합격,550 Kg,현대엘리베이터(주),02--3670-0791,919920035,919920079,남강엘리베이터(주),02--543-3977,승강기 담당자,02-388-4***,1 m/min,8,122,8,033,59
서울특별시 은평구 역말로4길 15,(역촌동),2015-12-05,2016-12-04,01,122,911,역촌동자유의집,노유자시설-기타,3,0,0084806,1,엘리베이터,권상식-VVVF,장애인용,122,1800,DY30A,--,휴지,2005-12-27,한국승강기안전관리원 서울북부지원,2005-12-27,1-1,2015-12-11,정기,조건부합격,900 Kg,티센크루프엘리베이터코리아(주),02--2610-7777,919920034,919981684,성도엘리베이터(주),02--324-3567,승강기담당자,010-8815-1***,1 m/min,5,122,12,034,17
서울특별시 은평구 불광로 122-10,(불광동),2019-07-26,2020-07-25,01,122,1187,북한산힐스테이트3차,공동주택-분양,11,3,0050041,11,엘리베이터,권상식-VVVF,장애인용,122,2881,LXVF-7,--,운행중,2009-12-02,한국승강기안전공단 서울서부지사,2009-12-02,3201-1,2019-10-24,정기,조건후합격,1000 Kg,현대엘리베이터(주),02--3670-0791,919920035,919930409,현대엘리베이터(주)서울사무소,02--3670-0987,승강기담당자,(02)353-3***,1.5 m/min,14,122,10,033,62
서울특별시 은평구 연서로 165,(갈현동),2019-07-20,2020-07-19,01,122,1431,동원F&B,공동주택-분양,4,0,0050861,1,엘리베이터,권상식-VVVF,승객용,122,3661,Si1,--,운행중,2011-07-20,한국승강기안전공단 서울서부지사,2011-07-20,1-1,2019-08-08,정기,조건부합격,750 Kg,오티스엘리베이터(유)서울,02--2007-5800,919920075,919920075,오티스엘리베이터(유)서울,02--2007-5800,지덕영,02-358-8***,1 m/min,4,122,3,033,36
서울특별시 은평구 은평로9길 8-1,(응암동),2018-12-21,2019-12-20,01,122,482,건우오피스텔,업무시설-기타,8,1,0082206,1,엘리베이터,권상식-VVVF,승객용,122,1069,Di1,--,운행중,2002-11-19,한국승강기안전공단 서울서부지사,2002-11-19,1-1,2019-01-14,정기,조건부합격,550 Kg,오티스엘리베이터(유)창원공장,055--289-8235,919990124,919920075,오티스엘리베이터(유)서울,02--2007-5800,강준기,010-5305-3***,1 m/min,9,122,1,034,61
서울특별시 은평구 가좌로7길 11,(응암동),2019-01-02,2020-01-01,01,122,276,동양빌딩,제2종근린생활시설-기타,7,2,0084764,1,엘리베이터,권상식-VVVF,승객용,122,483,Di1,--,운행중,1998-12-08,한국승강기안전공단 서울서부지사,1998-12-08,1- 1,2018-12-12,정기,조건부합격,1000 Kg,엘지산전(주) 창원공장,055--269-4114,919920032,919920075,오티스엘리베이터(유)서울,02--2007-5800,이승혜,010-4919-5***,1 m/min,7,122,1,034,81
서울특별시 은평구 응암로20길 23,(응암동),2018-12-29,2019-12-28,01,122,988,한성교회,종교시설-종교시설,5,0,0084095,1,엘리베이터,권상식-VVVF,장애인용,122,1917,GR1,--,운행중,2006-12-29,한국승강기안전공단 서울서부지사,2006-12-29,1-1,2018-12-12,정기,조건부합격,1000 Kg,오티스엘리베이터(유)창원공장,055--289-8235,919990124,919920075,오티스엘리베이터(유)서울,02--2007-5800,박경우,(02)376-9***,1 m/min,5,122,3,034,68
서울특별시 은평구 연서로34길 42,"(불광동, 북한산동호스카이)",2019-02-23,2020-01-28,01,122,1699,동호스카이아파트,공동주택-분양,7,1,0081172,2,엘리베이터,권상식-VVVF,장애인용,122,4007,TK-50G,--,운행중,2013-01-29,한국승강기안전공단 서울서부지사,2013-01-29,1-2,2019-03-27,정기,합격,1150 Kg,티센크루프엘리베이터코리아(주),02--2610-7777,919920034,920050056,대한승강에이전트(주),02--2603-3957,승강기담당자,02-353-3***,1.5 m/min,8,122,3,033,48
서울특별시 은평구 연서로3길 35,(역촌동),2019-10-25,2020-10-24,01,122,2600,엘림아너스빌,공동주택-분양,6,0,0118880,1,엘리베이터,권상식-VVVF,승객용,122,5236,GM3(10),--,운행중,2016-10-14,(재)승강기안전기술연구원 서울지원,2016-10-14,1-1,2019-10-25,정기,합격,600 Kg,(주)금영제너럴,02--2056-1117,920070033,920070033,(주)금영제너럴,02--2056-1117,변지윤,***,1 m/min,6,122,3,034,20
서울특별시 은평구 불광로2길 16,(불광동),2019-10-02,2020-10-01,01,122,625,북한산현대홈타운,공동주택-분양,14,3,0083118,18,엘리베이터,권상식-VVVF,장애인용,122,1310,SSVF,--,운행중,2003-11-21,한국승강기안전공단 서울서부지사,2003-11-21,110-1,2019-09-24,정밀,합격,1000 Kg,현대엘리베이터(주),02--3670-0791,919920035,919930409,현대엘리베이터(주)서울사무소,02--3670-0987,(이승환)관리과장,(02)388-7***,1.5 m/min,17,122,10,033,65
서울특별시 은평구 불광로 98-8,"(불광동, 대호아파트)",2019-08-29,2020-08-28,01,122,309,불광동대호아파트(1차),공동주택-분양,1,3,0042435,5,엘리베이터,권상식-VVVF,승객용,122,511,STVF,--,운행중,1999-08-06,한국승강기안전공단 서울서부지사,1999-08-06,주차장,2019-09-19,정기,합격,1000 Kg,현대엘리베이터(주),02--3670-0791,919920035,920000030,조은엘리베이터(주),02--333-4426,김순길,(02)353-7***,1 m/min,4,122,10,033,64
서울특별시 은평구 은평터널로 138,(신사동),2019-03-02,2020-03-01,01,122,173,영성빌딩,제2종근린생활시설-기타,5,1,0040402,1,엘리베이터,권상식-교류,승객용,122,81,VVAC,--,운행중,1994-12-08,한국승강기안전공단 서울서부지사,1994-12-08,1-1,2019-03-26,정기,조건부합격,550 Kg,한림엘리베이터(주),02--323-6431~3,919930248,919930214,(주)뉴텍엘리베이터,02--2606-2462,승강기담당,(02)374-0***,1 m/min,5,122,8,034,44
서울특별시 은평구 불광로2길 41,(불광동),2019-07-23,2020-07-22,01,122,1249,북한산래미안205동,공동주택-분양,10,4,0042227,1,엘리베이터,권상식-VVVF,장애인용,122,3181,TK-50G,--,운행중,2010-04-08,한국승강기안전공단 서울서부지사,2010-04-08,205-1,2019-09-03,정기,조건후합격,1000 Kg,티센크루프엘리베이터코리아(주),02--2610-7777,919920034,919950932,티센크루프엘리베이터코리아(주),02--2610-7777,관리소장,(02)387-3***,1.5 m/min,14,122,12,033,66
서울특별시 은평구 가좌로 305,(신사동),2019-05-02,2020-05-01,01,122,932,서북교회,종교시설-종교시설,6,1,0005432,1,엘리베이터,권상식-VVVF,장애인용,122,1834,GL1,--,운행중,2006-03-27,한국승강기안전공단 서울서부지사,2006-03-27,1-1,2019-05-22,정기,조건후합격,1000 Kg,오티스엘리베이터(유)창원공장,055--289-8235,919990124,919920075,오티스엘리베이터(유)서울,02--2007-5800,승강기담당자,02-373-5***,1 m/min,7,122,3,034,41
서울특별시 은평구 통일로72길 31,(불광동),2018-12-13,2019-12-12,01,122,833,펜트하우스,공동주택-분양,5,1,0084026,1,엘리베이터,권상식-VVVF,승객용,122,1606,Si1,--,운행중,2004-12-13,한국승강기안전공단 서울서부지사,2004-12-13,1-1,2019-03-05,정기,합격,600 Kg,오티스엘리베이터(유)창원공장,055--289-8235,919990124,919920075,오티스엘리베이터(유)서울,02--2007-5800,입주자대표,02-359-5***,1 m/min,6,122,5,033,51
서울특별시 은평구 불광로6길 20,(불광동),2019-10-23,2020-10-22,01,122,293,남해그린힐아파트,공동주택-분양,10,0,0070702,2,엘리베이터,권상식-VVVF,승객용,122,525,STVF,--,운행중,1999-09-21,한국승강기안전공단 서울서부지사,1999-09-21,1-2,2019-10-24,정기,합격,900 Kg,현대엘리베이터(주),02--3670-0791,919920035,920000030,조은엘리베이터(주),02--333-4426,장기풍(관리소장),02-358-4***,1 m/min,10,122,10,033,64
서울특별시 은평구 통일로 849,(갈현동),2019-05-25,2020-05-24,01,122,328,서울교통공사6호선연신내역,운수시설-지하철역사,1,3,1800595,1,에스컬레이터,스텝식-,에스컬레이터,122,631,M-BB,--,운행중,2000-10-31,한국승강기안전공단 서울서부지사,2000-10-31,E/S-4,2019-07-31,정밀,조건후합격,,현대엘리베이터(주),02--3670-0791,919920035,919920078,(주)태성에스컬레이터,02--582-9060,박건우,02-6110-4***,.42 m/min,10.6,122,99,033,30
서울특별시 은평구 진관1로 21-9,(진관동),2018-12-17,2019-12-16,01,122,1185,은평뉴타운박석고개12단지1관리소,공동주택-분양,15,2,0103523,23,엘리베이터,권상식-VVVF,장애인용,122,2338,SSVF5,--,운행중,2008-03-11,한국승강기안전공단 서울서부지사,2008-03-11,111-1,2019-04-19,정기,조건후합격,1000 Kg,현대엘리베이터(주),02--3670-0791,919920035,919930409,현대엘리베이터(주)서울사무소,02--3670-0987,관리소장,02-357-5***,1.5 m/min,17,122,10,033,11
서울특별시 은평구 서오릉로23길 9-8,"(구산동, 동익파크아파트)",2018-12-12,2019-12-11,01,122,1122,동익파크2차아파트,공동주택-분양,13,1,0084943,3,엘리베이터,권상식-VVVF,승객용,122,149,GM1,--,운행중,1991-09-01,한국승강기안전공단 서울서부지사,2012-12-07,2-3,2019-01-15,정기,조건부합격,550 Kg,오티스엘리베이터(유)서울,02--2007-5800,919920075,919920075,오티스엘리베이터(유)서울,02--2007-5800,관리소장,02-385-5***,1 m/min,11,122,1,034,25
서울특별시 은평구 은평로 82,(응암동),2019-09-14,2020-09-13,01,122,27,해태드림타운아파트,공동주택-분양,15,4,0051518,1,엘리베이터,권상식-VVVF,승객용,122,341,TK50K,--,운행중,1996-12-11,한국승강기안전공단 서울서부지사,1996-12-11,1-1,2019-09-17,정기,합격,750 Kg,티센크루프엘리베이터코리아(주),02--2610-7777,919920034,919950932,티센크루프엘리베이터코리아(주),02--2610-7777,관리소장,02-359-1***,1.5 m/min,18,122,11,034,53
서울특별시 은평구 증산로 400,(신사동),2018-12-24,2019-12-23,01,122,464,서울교통공사6호선새절역,운수시설-지하철역사,1,2,0042689,5,엘리베이터,권상식-VVVF,장애인용,122,1579,DSEM,--,운행중,2004-12-17,한국승강기안전공단 서울서부지사,2004-12-17,내부-1,2019-03-15,정기,조건후합격,1000 Kg,동산엘리베이터(주),031--499-8090,920000102,920070028,(주)신일승강기,031--366-1537,박건우,02-6110-4***,.75 m/min,2,122,3,034,42
서울특별시 은평구 진관3로 67,(진관동),2019-05-17,2020-05-16,01,122,1193,구파발9단지(제1관리소),공동주택-분양,15,1,0014933,3,엘리베이터,권상식-VVVF,장애인용,122,3002,TK50M,--,운행중,2010-04-21,한국승강기안전공단 서울서부지사,2010-04-21,902-1,2019-08-14,정기,조건후합격,1000 Kg,티센크루프엘리베이터코리아(주),02--2610-7777,919920034,919950932,티센크루프엘리베이터코리아(주),02--2610-7777,(서형군)승강기담당자,02)353-4***,1.5 m/min,16,122,3,033,01
서울특별시 은평구 진흥로 191,(대조동),2018-04-27,2020-04-26,01,122,401,서울병원,의료시설-기타,7,3,0006462,2,엘리베이터,유압식-교류,자동차용,122,925,확인불가,--,운행중,2002-04-16,한국승강기안전공단 서울서부지사,2002-04-16,1-2,2018-04-27,정밀,합격,2000 Kg,오티스엘리베이터(유)창원공장,055--289-8235,919990124,919920075,오티스엘리베이터(유)서울,02--2007-5800,이강식,(02)357-0***,.5 m/min,3,122,20,033,97
서울특별시 은평구 갈현로29길 27,(갈현동),2018-12-02,2020-12-01,01,122,1944,선일여자고등학교,교육연구시설-고등학교,2,0,0084648,1,엘리베이터,유압식-교류,화물용,122,3774,확인불가,--,운행중,2011-12-02,한국승강기안전공단 서울서부지사,2011-12-02,정보관,2018-11-22,정기,조건부합격,1000 Kg,(주)반도엘리베이터,02--2687-2165,919961054,919961054,(주)반도엘리베이터,02--2687-2165,고영림,02-355-9***,.53 m/min,2,122,3,033,22
서울특별시 은평구 진흥로1길 28,(역촌동),2019-09-29,2020-09-28,01,122,1165,아그네스 풍림아이원,공동주택-분양,2,3,0069410,3,엘리베이터,권상식-VVVF,장애/승객화물용,122,2675,SYNERGY,--,운행중,2009-07-27,한국승강기안전공단 서울서부지사,2009-07-27,1-3,2019-10-08,정기,조건부합격,1150 Kg,티센크루프엘리베이터코리아(주),02--2610-7777,919920034,919950932,티센크루프엘리베이터코리아(주),02--2610-7777,신중철(승강기담당자),(02)359-6***,1 m/min,5,122,3,034,05
서울특별시 은평구 통일로 830,(불광동),2019-05-04,2020-05-03,01,122,918,파레제페빌딩,제1종근린생활시설-기타,10,2,0015475,1,엘리베이터,권상식-VVVF,장애/전망용,122,1813,DY20B,--,운행중,2006-05-04,한국승강기안전공단 서울서부지사,2006-05-04,1-1,2019-06-12,정기,조건후합격,1150 Kg,티센크루프엘리베이터코리아(주),02--2610-7777,919920034,920160023,한국엘리베이터보수관리(주),032--546-4222,이일준(승강기담당자),02-2642-2***,1.5 m/min,11,122,12,033,50
서울특별시 은평구 통일로 626,(녹번동),2018-12-19,2019-12-18,01,122,50,유림빌딩,제2종근린생활시설-기타,8,1,0050138,1,엘리베이터,권상식-VVVF,장애인용,122,259,GM1,--,운행중,1995-06-03,한국승강기안전공단 서울서부지사,2017-09-29,1-1,2018-12-19,정기,조건부합격,900 Kg,오티스엘리베이터(유)서울,02--2007-5800,919920075,919920075,오티스엘리베이터(유)서울,02--2007-5800,박갑섭,02-384-8***,1 m/min,9,122,3,033,72
